,A,B,C,D
0,0.5279912555024193,0.17267905390871272,-0.6391051625871389,0.3553122015937066
1,3.5769959982949215,0.1332860328845068,0.8320373119204099,3.443709965410415
2,3.424209257921393,-0.31761808296697924,1.0477130406760817,3.7418273408883724
3,2.044441247136808,-0.08699701825144007,0.48094362065584956,3.131438265388248
4,-0.18929820088265958,-0.6545383287214797,-1.7311416602309828,0.4652401278388201
5,1.2722593935819242,0.3677666617558303,-0.15570077309534264,0.9044927318260939
6,8.034749045264459,1.3953499708525818,5.3383028473466085,6.639399074411877
7,0.577682790846535,0.8436608515839201,-0.2879588728324424,-0.26597806073738517
8,0.4181830543872702,0.2447366333491947,-0.5396291064719045,0.1734464210380755
9,-0.36353310708884334,0.5175667251591606,-1.3087443022597978,-0.8810998322480039
10,4.044877978291988,-0.3409545023137296,0.9142894636083697,5.385832480605718
11,2.0597981759338384,-0.22483644042676365,0.3063140599640558,3.284634616360602
12,0.278721134998025,-0.388144084290062,0.703435985503629,1.6668652192880868
13,-0.6203136170151573,-0.7524020598515881,-1.8552258237136277,0.13208844283643084
14,0.6538486016622032,0.10292424652039067,0.5644687456494688,0.5509243551418125
15,3.753690115106493,1.4666046954551946,2.704548438317868,2.2870854196512984
16,1.8023840233151378,-0.0005767265700036273,0.4008308832243813,2.802960749885141
17,3.021835178749603,-0.27417899138451574,1.4972510981979847,3.296014170134119
18,1.5064765524853458,0.33499029662823576,0.35277797547004486,1.17148625585711
19,-0.08063607730116307,-0.2906181069193906,0.9516838775504256,0.20998202961822754
20,1.434878736376962,0.4077360508052474,0.43334594448946473,2.0271426855717145
21,-0.5414475811929524,0.35814738630482723,-0.1700965349393197,1.1004050325022203
22,4.485749286645996,0.04273663196549937,1.9286190600724855,4.443012654680497
23,-0.30038695120710024,0.3410707833275625,-1.219880294377244,1.3585422654653372
24,5.076355691601286,0.17740045930197945,3.673870636960952,6.898955232299307
25,1.915378133400834,0.006951645951196794,1.3206510357398478,1.908426487449637
26,-0.10218808591281492,0.5480082009369204,-0.8787643251674615,-0.6501962868497353
27,-1.3202064732758125,0.3432016808468958,-2.2613092612519092,-1.6634081541227084
28,2.7224274151192223,-0.17083981286454708,2.3667081876026526,2.8932672279837695
29,1.8388305474970532,1.426982217709682,1.1357217669259743,0.4118483297873712
30,-0.17963617529128462,0.09100996253425264,-0.9045665256589545,-0.27064613782553726
31,-0.16457014196786313,-0.3094835631735531,-1.0149583418393269,0.14491342120568995
32,2.560650525207178,-0.20699231026830778,0.4764250597007506,2.7676428354754856
33,1.380801096247132,-0.0014631018521614747,0.7583262523963753,1.3822641980992936
34,0.7117995139587676,0.03549895091698513,-1.3402032452681243,0.6763005630417824
35,-0.7360920452457544,-0.20427330988167952,-1.399198421990367,-0.5318187353640749
36,1.9870278609052447,0.22578839137901352,1.0651005734940444,1.7612394695262312
37,-0.9541746092762264,-0.03986123890188886,-1.8316307236371165,0.08568662962566242
38,3.0382665534741076,-0.24254670144284485,0.6956123086524016,4.280813254916953
39,-0.8681313728885625,-0.034815367789287066,-2.1558152967588855,-0.8333160050992754
40,1.612442747557596,1.6124155189214195,0.850576451977052,2.0000272286361764
41,-5.323850643776647,-0.047648697892061165,-0.6580606199903355,-5.276201945884586
42,0.29232087374990523,0.9958892264707153,-0.6781641498929196,-0.7035683527208101
43,1.5998147895091408,0.2610190011187829,2.2723574752580644,1.3387957883903578
44,1.9578406329894782,1.7327487023032355,1.1893123467063618,1.2250919306862427
45,2.8390250641874037,-0.04791851364160116,1.4386077505787043,2.8869435778290047
46,1.9633499172888744,0.5213310064627632,0.9838216469262655,1.4420189108261112
47,4.463415327301515,0.03063171368297124,0.5100103371540494,5.432783613618544
48,-0.15389429236488572,1.6053175255817593,-0.1749476548956972,-1.7592118179466452
49,0.19467034014437784,0.9637201455383881,0.4752843427040349,1.2309501946059898
50,3.3213104572770256,-0.014896149406436132,-1.000430273424664,3.3362066066834615
51,-1.5146012121014885,1.0091703628119775,-2.0317429475938824,-2.523771574913466
52,1.7036589928528025,0.5604776469651163,0.7192475503660533,2.1431813458876863
53,2.0464678672817818,-0.0984780897433023,0.06157734191775113,2.144945957025084
54,2.648735361680168,0.5447755900213935,2.010529137206652,2.1039597716587743
55,3.3758925555931847,0.3464811935543611,2.0646083080679727,3.0294113620388234
56,1.02504138886614,1.2035064574671868,-0.22334774431078416,-0.17846506860104672
57,2.739243862419303,0.041939305961248285,1.8299227153621263,2.6973045564580547
58,1.2578551072865083,-0.4123396444741708,0.6295242631787994,1.670194751760679
59,-0.0246045134029248,-0.6351301457780185,0.48080903503322425,1.6105256323750936
60,1.6505583093221305,0.1401286554179545,0.8665693217201804,1.510429653904176
61,-0.5431947420355838,-0.0898469048957301,-1.8183903784422992,0.5466521628601463
62,2.2702785982559046,0.6781985370846666,1.2504749165086841,1.592080061171238
63,1.0747354473183224,-0.11537420669280207,-0.30002235115272796,2.1901096540111245
64,2.005914871175548,0.8387233353984463,0.9852740731524252,3.167191535777102
65,3.5693516629115596,-0.18694174018734178,1.6214273524328313,3.7562934030989013
66,-1.5073649805873066,-0.03615746149304255,-0.7806684790326113,-0.47120751909426406
67,0.5837295091361847,0.48675700851884796,-0.10502848341857957,1.0969725006173368
68,0.2120457887545961,1.2703934406552222,0.21493868889331733,-1.058347651900626
69,2.1435949649407533,1.2365899355952992,-1.3135701394835115,1.9070050293454541
70,1.9125176524966476,-0.3966847407090023,-2.5172841469823592,4.30920239320565
71,-0.11253614810208279,0.40381853537751705,-1.0250620522900473,-0.5163546834795998
72,0.7282656353433932,1.0194598608030092,-0.4878993551947293,-0.29119422545961604
73,-0.4950717095375664,0.8205610290983332,-1.2462591324857972,-0.3156327386358996
74,1.8438128803340457,-0.2273303896441612,0.745684914620959,2.071143269978207
75,0.2025527388547872,0.47519410181693544,-1.2940591939211739,1.7273586370378515
76,0.8934082330498918,-0.4786150881355606,-0.04711934112030407,2.3720233211854524
77,-1.0980407370367808,-0.06675168542477605,-1.39611183979736,-1.0312890516120048
78,1.9060996378866237,-0.11612438223073551,1.3555891200381776,2.0222240201173594
79,8.34750975519786,-0.05058496107208266,1.6827507418614196,8.398094716269943
80,0.9878195616162326,0.9615973074007194,-0.019322115903899397,0.026222254215513274
81,1.426768602489223,1.2383822253953183,0.4724002747267066,0.1883863770939047
82,-1.6666547169474362,-0.30592390607344433,-0.7889036868277237,-0.36073081087399184
83,-0.8728150283054424,-0.5016064512514136,0.2231385530321323,0.6287914229459711
84,4.328016922264251,-0.050294049029045995,2.058877815201136,4.378310971293296
85,2.466164706899766,-0.620124109852741,0.48319146813920427,5.086288816752507
86,1.5776930948617442,-0.37107430747252734,0.37909777813697826,3.948767402334272
87,1.3011806182906427,0.5114974481150224,0.3600455761688109,0.7896831701756203
88,1.8861851792997155,0.011524469801378112,1.038586104920767,1.8746607094983374
89,2.236858339900706,0.88729873438585,1.7194622552413592,1.349559605514856
90,0.01034841374240944,1.5020393279811342,0.24246459378851412,-0.4916909142387247
91,2.771330100782068,0.3680990582513898,1.7579958968689515,2.403231042530678
92,2.0111781962386592,-0.3144926562424414,1.902962140257594,3.3256708524811005
93,1.3394791804523012,0.506771377482905,0.34123816476405205,1.832707802969396
94,1.4475973983297978,-0.597641909840313,0.4328462632416674,3.0452393081701103
95,0.3595628326340751,-0.7527993681932301,0.3692722627146085,1.1123622008273053
96,-0.5386472729208405,0.3967792276956707,-1.7376107175418127,0.06457349938348883
97,1.8140091452073106,1.2022764981936305,1.4553332359826483,2.61173264701368
98,-0.2407805586636168,0.74248763663115,-0.9221180967476604,1.0167318047052332
99,4.847975109811962,-0.2954978668040571,2.7730796997773917,5.143472976616019
100,1.3924420722516657,0.9128419602622946,0.4145424678050273,1.4796001119893714
101,4.519524181055232,-0.14879296292171285,0.8078580530796523,4.668317143976944
102,0.05614072098443401,-0.3365644963336163,-2.0828413272657524,2.39270521731805
103,1.985974204053177,0.29736888587531984,0.7560172349085374,3.688605318177857
104,1.035706229362361,0.2722470841195377,0.13015784160630217,0.7634591452428232
105,0.9317320499421886,-0.5327837231626787,0.17728179399850202,1.4645157731048672
106,-1.010954841963887,-0.31143245686119303,-0.565916757222813,-0.6995223851026939
107,-0.09297920880330546,0.857432003317756,-1.158296714902045,-0.9504112121210615
108,3.675798790896691,0.36998138532583624,0.056287756195253835,4.3058174055708545
109,5.401910378608026,-0.5299952322988294,0.6767325828976491,5.931905610906855
110,2.5027611494509023,0.09790360884028015,0.5348361864268332,2.4048575406106223
111,-3.814373963486251,1.4162713346810238,-2.2192620011849282,-4.230645298167275
112,3.0529474310077616,0.7779471052062942,0.26409100341214325,3.2750003258014675
113,0.7883133845990905,-0.6411373784007024,-0.7361911125193678,3.429450762999793
114,1.3067236346290227,1.1410503351325834,0.9902373703811359,0.16567329949643939
115,0.919855084133944,0.8360200657092982,-0.08123230280072835,0.0838350184246458
116,1.480849455869285,0.7985211381904238,0.2829640312192176,2.682328317678861
117,0.15673129195208158,1.85936731885067,-1.0952258103554589,-1.7026360268985885
118,0.9494069079882507,0.33345648808337336,0.5791948618651495,0.6159504199048773
119,1.7768501750154324,0.6884764522830815,0.7644934607844748,2.088373722732351
120,0.8370962566110502,-0.05467753095024397,1.5967117811643692,0.8917737875612942
121,0.7104437738626448,0.9261396570948529,-0.34072503277315747,-0.21569588323220812
122,-0.9638752323798592,0.01989067451214155,-1.4034929987792168,0.01623409310799928
123,1.5714395493992361,-0.18054978029240598,1.6496217745378734,2.751989329691642
124,1.4455160734666905,0.6587174294474181,0.3461917954908739,1.7867986440192725
125,4.58170567504383,-0.33939909884410857,1.7235511452568868,4.921104773887938
126,2.7349789335799137,-0.48112144731643547,0.2988204487904886,5.216100380896349
127,3.435691422691961,-0.8019274342961743,1.3927809885200548,4.237618856988135
128,0.47008829753458947,-0.30279818932833447,-0.7767299613441141,0.7728864868629239
129,1.225009483348774,0.039463626691310316,0.9760932084440199,1.1855458566574635
130,2.495679616902973,0.9979981576416777,1.3834125069293022,1.4976814592612955
131,0.09733827037748799,-0.15205543487697903,-0.3003968960844674,0.24939370525446702
132,-1.5023121034355114,0.27453077232803963,-0.7941860473317559,0.223157124236449
133,0.9061657179939411,-0.4408749607261969,0.5480236615042793,1.347040678720138
134,-0.014796199190850678,-0.5114692714967317,0.1542621299325418,1.496673072305881
135,2.1614945888798243,0.029402591527601274,0.740996073984322,3.132091997352223
136,4.741760429146147,-0.21251126948716303,2.013257086950849,5.954271698633311
137,0.9014214580857716,1.1677984856247379,1.2402893591999196,0.7336229724610337
138,0.22823147829618606,0.033954054926962574,-1.0052667623889866,0.1942774233692235
139,4.422657442365552,-0.5763833709270434,2.124368289644533,5.999040813292596
140,2.4278589579848524,0.2400238817396888,1.7970700242028899,3.1878350762451637
141,3.9498107205211426,-0.11203359985823991,1.37184306313246,4.061844320379382
142,1.59545224620673,0.8916015030047805,0.5968281737640652,1.7038507432019494
143,4.618023395563772,-0.4673381851134392,1.3952849836145964,6.085361580677211
144,1.5592903411221304,-0.4417940805529707,0.4834416773909481,3.001084421675101
145,0.3681099719605039,0.15804789766179228,-0.7106703558715302,0.2100620742987116
146,1.4393713677009186,1.5573686832132903,-0.2899861067281131,-0.11799731551237169
147,1.436577491689313,0.5980469409433776,0.08661751967488625,1.8385305507459355
148,-0.10340430401470513,0.2709610599171123,-1.0421709297204684,-0.3743653639318174
149,3.095261537370255,-0.13282985262699798,0.20798647979807408,4.228091389997253
150,-0.17247636187798954,1.1435203661107243,-0.63379710358167,-1.315996727988714
151,0.4387157620630195,-0.4375396347374355,0.09389894074712729,2.876255396800455
152,2.2787527150204094,0.07274004573675341,0.28400540585303136,2.206012669283656
153,0.5123776774158465,0.1438914931962384,-0.7085485577156553,0.3684861842196081
154,0.42105136087999284,-0.31977403641945157,-1.1843721963073206,2.7408253972994445
155,2.863117138280301,-0.6968010911126272,-0.19203109758834103,4.559918229392928
156,2.9516934240259527,-0.3862047018193564,-0.05983667240621503,3.3378981258453093
157,1.4085997237173884,-0.25538977785159794,-0.6599500470310152,1.6639895015689863
158,1.0278396867872663,-0.34604047387516557,-0.25419816588906496,2.373880160662432
159,2.148457613081607,-0.22050991384172647,0.4592416112979197,2.3689675269233335
160,0.9595807918564164,0.2782731880415248,0.5681120587276682,1.6813076038148915
161,0.7325683312425407,0.18457129548223794,0.009883442912165141,0.5479970357603028
162,2.0548166957085634,-0.1460596688297885,1.3781831913707447,3.200876364538352
163,1.938268664508319,1.049595225367212,0.5141330556116438,0.8886734391411069
164,-1.258843252576148,0.4615254478707888,-1.6409689159175886,-1.7203687004469368
165,0.06427581623799006,0.7086677182628707,-0.9888392804352263,0.3556080979751193
166,1.4355293123525015,-0.14217134846468304,2.444954458517781,1.5777006608171846
167,1.7012235468304233,0.2165481505274115,0.5359615760225459,1.484675396303012
168,-3.340498650410414,-0.5424045784841101,-2.252099111770841,-0.7980940719263041
169,2.367996076111971,-0.7924951583762492,-0.5523588893049429,3.1604912344882203
170,3.122572003903717,-0.4853127338821458,0.08137316142192555,5.607884737785862
171,0.908234109630993,0.09512628285576386,-0.12169557642683873,1.8131078267752292
172,-1.0150696404623047,0.3550827661921802,-1.275500745083503,-0.37015240665448496
173,1.7817880486453577,0.4718829791259119,0.6688939933214199,2.309905069519446
174,4.31395201129617,0.3672572748668558,-0.21645298178630742,3.946694736429314
175,2.836523676368183,1.3335902322118443,0.43741694907039375,1.5029334441563387
176,2.5773812117703683,0.8646078735180612,1.619783630555901,2.712773338252307
177,-0.7232816110078408,-0.36542362540310624,-1.0555161188928142,0.6421420143952654
178,-0.4025547749780032,-0.19281653334870452,-0.5308039813218176,-0.20973824162929866
179,1.3966034623643382,1.0602372977604444,-0.278322451586777,2.336366164603894
180,2.50499480991854,-0.7186747373412259,1.3494222669210931,4.223669547259766
181,-0.8630868291015695,-0.47266531775868825,-1.246358690770127,0.6095784886571187
182,2.2663995636966145,-0.8912263340243909,-0.35030715100746,3.1576258977210054
183,0.5051297863812727,0.505892423160593,-0.43204986350493774,-0.0007626367793203137
184,-0.09011381230160298,0.7975705518551878,-1.1634258315243449,-0.8876843641567908
185,1.13429166963359,0.15900176344120048,-0.20228094621174897,1.9752899061923896
186,4.088723557511207,0.1669606257638444,1.9009951161656948,3.9217629317473626
187,1.2813015197847475,0.34596324848473264,-0.01736558915143563,1.9353382713000151
188,2.9979249284161975,-0.13599819458725848,2.5773319416070866,4.133923123003456
189,1.814147444781038,1.3046642416768013,0.09455520367847703,1.5094832031042367
190,-0.2521144709019515,-0.5467498551202816,-0.7374382886778523,0.29463538421833013
191,5.04138709662622,-0.12635186381152863,-0.15369162548924567,5.167738960437749
192,-1.164480189102169,-0.7276288189824858,0.07806195604850102,-0.4368513701196832
193,1.3046797720697727,0.8127496214479084,0.3013249110168247,0.4919301506218643
194,2.187260392229245,0.7006598094355991,1.3357934347364806,1.4866005827936457
195,1.4214406657552126,-0.2961969990130747,-1.2669887751165063,1.7176376647682874
196,-2.253231352346084,-0.26678821876892533,-0.6581522470874677,-0.9864431335771585
197,3.568255852721885,-0.7551872669359854,-1.0347813195445372,5.32344311965787
198,2.199305895471832,-0.10081179580641386,0.06613128634712742,2.300117691278246
199,1.5599203230601315,-0.3061532612762903,2.029583036324485,3.866073584336422
200,2.3432870254205582,0.4121439321784002,1.5247283637279165,1.931143093242158
201,0.2829136560432164,0.3058887796238021,-0.7531392977635742,0.9770248764194143
202,0.5311806247871506,0.383083442217406,-0.3783743194919531,2.1480971825697446
203,-0.9232883237639457,0.8726090792556094,-1.2557536754147902,-1.7958974030195551
204,3.9005788150854235,-0.30610634345422905,0.8122135734277312,5.206685158539653
205,-0.6693059853656373,-0.4104620805487559,0.39990775465254397,0.7411560951831185
206,2.968712806100802,0.8279524447406972,1.6078676404927879,3.1407603613601047
207,-1.6163590950446092,-0.08231147593576904,-0.22132933256003573,-1.5340476191088401
208,1.6754889370306811,0.20220129776888907,-0.6785217044352231,1.473287639261792
209,0.6443314941165519,0.4196255885725618,-0.18156036802367187,0.22470590554399006
210,-0.2568573868393619,0.1476067536563257,0.2949809234600923,0.5955358595043124
211,4.280566319456766,0.03778055612305864,0.8858745952503957,5.242785763333708
212,-4.4969084764998275,0.520481031245316,0.6070153316804769,-4.017389507745143
213,0.5852789296862978,0.2774346465828537,-0.2380160815749052,1.3078442831034442
214,1.2659385976344268,0.4212190941245523,0.3865672408181365,1.8447195035098742
215,3.5914549337743513,1.7584545541333791,0.9580173431750324,2.8330003796409717
216,-2.0723129458820417,0.0897014859498334,-0.9642361280177596,-2.1620144318318752
217,1.8265508054364057,-0.5685622342012033,0.45201068157354785,2.395113039637609
218,1.7803406569923443,0.2522061370416426,0.9836802306863015,1.5281345199507017
219,0.8392152642404068,1.1050099260792439,-0.8193641758540707,-0.26579466183883704
220,-0.9102888779512011,1.1019643320196861,-1.5751133945222675,-2.012253209970887
221,3.145718298412922,-0.3797554356342568,0.21626625988824533,5.5254737340471785
222,1.8937163356666753,-0.14971866302106396,0.383849974807985,3.043434998687739
223,0.2299816897048248,1.0235732269073194,-1.159127773440363,0.20640846279750535
224,-1.6442468917550561,-0.23815057452375837,-2.0700830654189697,-1.4060963172312977
225,1.2265732909315141,-0.5524236679054388,-0.47234854010505317,1.778996958836953
226,1.5328724409843377,0.7320593349453912,0.5981931373752785,2.8008131060389463
227,-0.5751942054413683,0.7232859949266747,0.9216167875761256,-1.2984802003680431
228,0.33783531704319814,0.18313156558041016,-0.5113776858846287,0.15470375146278798
229,0.31315534628108743,0.6631822025076614,-0.6207654773355101,-0.3500268562265739
230,2.025047335730491,0.5896571295771093,0.7995980973417723,2.4353902061533814
231,2.677782703612534,-0.2606085345177034,0.6692679145717473,2.9383912381302375
232,1.4353939816790466,0.07269498968883681,0.754938192769693,2.36269899199021
233,-0.4050258185444655,1.1518202662828245,-0.8050930754251541,-1.55684608482729
234,1.3864155171841,1.2120856482550053,-0.3580735989283151,1.1743298689290946
235,4.86541710065655,-0.1960260068373807,1.046470679035632,5.061443107493931
236,4.0505218200884165,0.6204050897163768,2.442558521036865,4.43011673037204
237,-0.5679694740659481,0.5169566956591439,-1.4527560633584873,-1.084926169725092
238,1.524933142938186,1.028051245604106,0.4031771703261763,0.49688189733408006
239,-0.11978088302383827,0.3320410254219772,-0.43160804394729957,0.5481780915541845
240,1.4268209509143877,1.2853338056414905,0.026687654807799447,1.141487145272897
241,-0.7011873345954711,1.4761211119016853,-2.0575257360805512,-2.1773084464971566
242,-2.2652895427010367,0.004106127114040459,-0.5038250824225855,-0.2693956698150771
243,2.5790691523603035,1.3130643481476145,1.7948789871720425,1.266004804212689
244,1.6720982003214109,0.6102728809301248,0.592439167580685,2.0618253193912865
245,0.8608972666378587,0.7330915446689379,-0.14214519853995689,1.1278057219689208
246,1.2382133993275144,-0.23223181361319578,0.9513288453653314,1.4704452129407102
247,0.38706823312456384,0.5884858332531395,-0.6560549902029811,0.7985823998714243
248,6.448695386614638,-0.4370307984983257,-0.5314225864758271,7.885726185112963
249,0.8389372294926498,0.9995341583939583,0.03988070871276882,1.8394030710986915
250,4.3242351283506,-0.4344693723032228,1.4072594193563734,4.758704500653823
251,2.6392287572659408,-0.287590457190653,-0.5912460723331174,2.926819214456594
252,3.466050214504147,-0.15137846453281778,1.4780416814949748,5.617428679036965
253,-6.425235000467142,1.509188092803145,1.3015345992031209,-6.934423093270286
254,0.8995817550634173,0.3413907104762496,-0.22536442914094781,0.5581910445871677
255,2.7779911983008754,-0.4210850234862942,-1.0096933475091578,3.1990762217871698
256,1.5010366812698888,-0.5481677227894546,-1.1521634632389366,2.0492044040593433
257,1.6752916770445285,1.6164371737670709,-0.5454185344757166,1.0588545032774577
258,2.8855554455301338,-0.5631936972298913,1.57804222618396,5.448749142760025
259,0.1512052537941931,-0.3099366266268024,-0.08870881027255731,1.4611418804209955
260,2.0128510644225592,-0.11247174138526816,0.5667459528641479,2.1253228058078273
261,-2.2019998746741214,-0.2669161434839644,-2.0246160776291755,0.06491626880984303
262,0.6838236740074999,-0.5908659118603182,-1.0967454739171218,2.274689585867818
263,1.6743244636267052,1.310620070763749,1.7484809159503811,0.3637043928629562
264,-2.0439712552431546,-0.6680439696415805,-1.5629704344608137,-1.375927285601574
265,2.133479875480229,-0.0469182902129035,-0.5312354286852787,2.1803981656931324
266,0.009617842520363462,0.7480922600684208,-1.0806142654050466,-0.7384744175480573
267,2.640686523546905,0.0780511614646836,2.242039511806491,2.5626353620822213
268,5.024323867578003,1.3829638777241215,1.1309041472514956,5.641359989853882
269,2.0140587755077455,1.5810588906634155,1.2316842072917382,0.43299988484432994
270,0.8955646427624315,1.590784251739727,0.7960609942467329,-0.6952196089772955
271,1.035486373142459,0.5362911394649547,0.03869771240991311,1.4991952336775043
272,-0.29798948930263225,-0.6691537973154063,-1.4748455514984589,0.371164308012774
273,-0.1777263208035882,1.5633070319096594,1.1995564016313838,-1.7410333527132476
274,1.5868334245783784,0.09170293898757131,0.8298796896599765,1.4951304855908072
275,1.9554395542162504,0.5718849480473143,0.9474972895077041,1.383554606168936
276,0.24153235390463612,0.021852802987249564,0.8865141465438839,1.2196795509173866
277,-1.66600126372454,-0.3126085179028748,-0.7804918524920598,-1.3533927458216652
278,-0.1578302652514737,0.37920301245461174,-0.9186709741012421,0.46296672229391456
279,1.0492590351377262,0.1107939386533151,0.44479196491093986,1.938465096484411
280,1.0073376691005307,-0.3880259436153667,-0.7733857016379274,2.3953636127158973
281,3.0017096183394636,0.1839131647632184,0.5024539391101691,3.8177964535762445
282,2.8260683555801744,-0.20823016502769653,0.7764211357175582,5.034298520607871
283,1.9871046101917251,-0.10658009896428366,0.7287573179856507,2.0936847091560087
284,-1.223142274148952,-0.24364782836660903,-0.05914345042094971,1.020505554217657
285,1.6432182059707385,-0.2836318461077869,1.7380915559237817,1.9268500520785254
286,2.967746611427632,-0.2254135057381953,1.4407205659997264,3.1931601171658275
287,1.9777618502697631,-0.09052513908512944,-0.9212761112501431,4.068286989354893
288,0.8286448189453788,0.23253915634330513,-0.7807196941049561,0.5961056626020736
289,2.408892282633892,-0.5581750939477667,1.5956504420083433,2.967067376581659
290,1.2633129442774242,1.3318888054832019,1.4739963465744819,-0.06857586120577763
291,0.964894130970445,-0.14468237766081982,0.38785183125843326,2.109576508631265
292,0.6106085537414813,0.33935499750276316,-0.7972088321608019,0.2712535562387181
293,1.7829139590540082,-0.5064353600929716,0.7240638014428633,4.2893493191469805
294,0.08657881884882879,1.228623041010632,-1.2902193212100774,-1.1420442221618032
295,-0.43574330363094127,0.25376344933480854,-1.757745033617296,-0.6895067529657498
296,-0.8748211245949236,-0.291648405394369,-0.1807056300738252,-0.5831727192005546
297,4.259063433722998,-0.34625515362100723,-0.561330648004368,4.605318587344005
298,1.6701218691990205,-0.07672215990270714,0.8969621270533801,1.7468440291017275
299,-1.3716892601398505,-0.18373501489053468,-1.9865840014510656,-0.1879542452493158
300,-2.515372138540124,-0.35789344527032263,-0.5350167363910107,-2.1574786932698014
301,4.129580668883964,1.2811830313850647,0.4702420319900905,3.8483976374988993
302,3.1792309588777954,-0.2776989720884663,1.4260429315979055,5.456929930966262
303,-0.0880697998376695,-0.5934911476450824,0.8827306699248402,0.5054213478074129
304,-0.9236733755463145,-0.3689635929881184,-3.227838163404303,-0.554709782558196
305,5.983864793307893,0.05044630442450815,0.2316074960018509,6.933418488883385
306,2.9772659452189814,1.1802832901535196,1.492838525339195,1.7969826550654617
307,1.1304309589511865,1.513304587808428,0.8575240077488135,-0.3828736288572414
308,1.8532673854337296,0.6464501515675973,0.8352575664224352,2.2068172338661323
309,2.4470553806310003,0.3119055024431881,-1.060335724136232,3.135149878187812
310,0.77668277385075,0.30219325148581344,-0.29280759140456075,0.4744895223649366
311,4.027819564983445,-0.0978666205293599,0.7651247303524629,4.125686185512805
312,-0.6715127883349807,-0.03980227989947743,-1.0714449693791834,1.3682894915644968
313,2.046024561859944,1.3664682001470663,0.8932864836276988,1.6795563617128777
314,1.3493766905122548,-0.44277071371678445,0.07131895959820192,2.7921474042290395
315,2.28177491823082,-0.20548541292394018,1.6617046423200728,3.48726033115476
316,2.145373751950132,-0.028068018590691857,1.2389602114582683,2.173441770540824
317,1.632872949566105,-0.18678266310361413,-0.8355026299127302,1.819655612669719
318,2.289904481471551,0.57268967201861,1.4793128840163716,1.717214809452941
319,3.0174530754675795,-0.08713963422523519,1.825450833009059,4.104592709692815
320,-1.4295965399565445,0.8727886751795082,-2.494631244272951,-1.3023852151360527
321,2.2240928802425626,0.7347389625038075,1.2264066981770823,1.4893539177387551
322,1.4762640968371126,0.019334712640379337,0.24536721128888783,1.4569293841967332
323,0.6472558454065946,-0.04914994301283038,-1.4107439191443947,0.696405788419425
324,0.2208515442783725,0.5620650994335621,-0.6846670658391357,-0.3412135551551896
325,-3.2680306818836655,-0.5257147162828426,-1.3461091875270104,-1.742315965600823
326,2.205010228679089,1.010975537108926,0.3794521001557007,1.1940346915701632
327,0.893392821807673,-0.02574088664339036,1.3137258431276022,1.9191337084510633
328,0.0003585545366568965,1.2203938465578281,-1.57178316874929,-0.22003529202117122
329,2.2700458278183793,-0.785974713193214,-0.12172496577703784,3.056020541011593
330,2.0823589452217197,0.45975997550925163,1.1636051094428224,2.622598969712468
331,2.3756063401933316,0.07884572568885884,-0.6217344510232196,2.296760614504473
332,-0.1511901456392114,-0.5744993773769742,0.30473584265847287,0.4233092317377628
333,-1.7931459737039595,-0.7047648165392787,0.504300635308699,-1.0883811571646809
334,0.3175333937519842,-0.10897704254920304,0.09915394435526156,0.42651043630118723
335,1.1182693787916378,-0.002941419564495229,-0.3836304278784151,2.121210798356133
336,1.59238146915234,-0.299765362233139,2.037119544751821,2.8921468313854786
337,2.444616413646762,0.11223096607416871,0.1293271051508309,3.3323854475725936
338,1.5418637046266221,1.2559728895668814,0.10391447167849438,1.2858908150597408
339,2.313787409241065,-0.17524955393738484,-0.04772940860724173,3.48903696317845
340,4.850918346376355,0.36406689794842595,2.0149921000092585,5.486851448427929
341,2.054805691336032,1.0926169620321857,0.649704356724564,2.962188729303846
342,-2.134158321393657,0.023928912637383504,-1.8487939976568257,-2.1580872340310404
343,1.4812394085728384,-0.2069783521831522,0.18348461044310552,2.6882177607559905
344,2.171268364686938,0.49242474723009105,-1.3401411438043618,1.6788436174568468
345,3.5288436383808492,1.5126317041420836,1.7684312512363585,3.016211934238765
346,0.3922152894589486,-0.23386763715123715,-0.16911938237945495,0.6260829266101857
347,1.8171067201863962,-0.49212416443080753,-0.006678992567444217,2.309230884617204
348,-1.0140397262506116,-0.054674841070834646,-0.954378943147217,-0.9593648851797769
349,1.0197430219843382,0.6631484466315736,0.3280685550931139,0.3565945753527646
350,0.9620238058180027,-0.2701447895848206,0.4908866885429195,1.2321685954028232
351,0.31824215879560147,0.8348129374754198,-0.8015154527034953,0.4834292213201816
352,1.2702979580144378,-0.41412049059113337,0.5548687795091609,3.6844184486055713
353,2.867648383587978,1.1631622154407146,1.127604114141858,2.7044861681472634
354,3.931191467143427,-0.18926745057989758,1.3371795797512391,6.120458917723325
355,4.055447105992332,-0.09410928404508323,0.6259535494590541,4.149556390037415
356,0.2458124858360041,0.34026470503773204,-0.17208204874077773,1.9055477807982721
357,1.8189907088940633,0.541445631084289,0.8271741725360207,1.2775450778097743
358,-2.7173435702347173,0.0019156635757568985,0.17543101098836195,-2.719259233810474
359,2.0339667407387534,-0.11582381304564471,1.3714919522043216,4.149790553784398
360,0.1917514923514183,0.27974479135052693,1.644592121630755,1.9120067010008914
361,0.7736909860754491,0.32951077634535697,-0.3869679368626268,0.4441802097300921
362,1.4155293584042243,-0.17253427213301809,0.9240860858301514,1.5880636305372424
363,1.641753097900486,-0.16651398895374203,1.2142783905910213,1.808267086854228
364,4.726655504830725,-0.24913302956704697,2.3150407141391227,6.975788534397772
365,-0.8232944357459235,0.918634130411143,-1.633033479906819,0.2580714338429335
366,2.340827598254286,-0.14263754701564657,0.4190896995831053,2.483465145269933
367,-0.24118451842229907,1.6620255588936566,-0.1991437349995321,-1.9032100773159557
368,2.070160512133292,-0.1219930148649182,0.9291030191429478,2.1921535269982106
369,2.819239827497303,-0.16926909976427873,1.2783581433067446,2.9885089272615817
370,3.3419983908696267,-0.6993053956104676,1.7353039226039602,4.0413037864800945
371,0.6876763744252884,0.1632700581444727,0.2532235249824242,2.5244063162808157
372,2.634380643809056,0.4551631165898417,1.6529369287127627,3.1792175272192145
373,1.1519127010543069,0.23803298280982438,0.5387618426469118,0.9138797182444824
374,0.5589352195247071,-0.04217219870558353,0.2713921644462337,1.6011074182302907
375,-0.8756288256478064,1.2907458104286076,-0.6089012629334494,-0.166374636076414
376,-1.7238610365580342,-0.4082346605797357,-1.144063791527063,-0.31562637597829857
377,0.34395252140125243,0.17075761502177267,-0.18431288289066436,1.1731949063794798
378,1.0528726596097278,0.7632741389698987,-0.022515661908232263,1.2895985206398288
379,-3.025411282971584,-0.5680023118912361,-1.7914587653276957,-0.45740897108034795
380,2.942937663190399,-0.005470649271349881,0.8650941465486265,2.948408312461749
381,-0.5174506959438679,-0.24884875167310827,-0.6569107359207691,1.7313980557292403
382,-1.2712589320946426,-0.020159382538658788,-1.474191524189487,0.7489004504440162
383,-0.6916700020328239,0.22795789543085632,-1.0789460541694684,0.08037210253631977
384,-0.7342309882700768,-0.514032473014852,0.5302447454822972,0.7798014847447752
385,6.002358812767481,0.01090123138372634,0.5809663155512238,6.991457581383755
386,0.5703836464011783,-0.2936874047944038,0.5947360019349298,1.8640710511955823
387,4.337593819740878,-0.6451580442327634,1.827959142541148,5.9827518639736414
388,-1.2656850556483823,-0.2996621650905095,-0.6649619710051947,0.03397710944212723
389,0.17549746044874648,-0.3030600645271887,-0.4499555255583205,2.4785575249759355
390,4.781018755875254,-0.3318531518364458,1.3595745088993012,5.1128719077117
391,0.5008018242171932,-0.6055691363695468,-0.4151722986799127,2.10637096058674
392,-0.2032251821662412,0.22633249418447332,-1.0466351738045812,-0.4295576763507145
393,1.5681701734700773,0.2983542296453966,0.41414669144660954,1.2698159438246805
394,0.09042939068073874,1.7041856120479868,-1.0865854816217404,-1.613756221367248
395,1.8492259254722165,0.3557382592484595,0.41920959385826095,3.493487666223757
396,2.8855145223681617,-0.0074874471497320405,-0.9767760244433055,2.893001969517894
397,0.2951664362396408,-0.3958584557136795,0.15860424741546145,0.6910248919533203
398,2.1350356609581462,0.8033496894463802,2.9445211201287167,2.331685971511766
399,1.3731375827900005,-0.02609477784097347,0.7474541783080673,1.399232360630974
400,0.5103148084843893,1.439800469826313,-0.33082505761259673,0.07051433865807644
401,1.05826734450539,-0.11136470152980865,0.20579757734452708,2.1696320460351988
402,6.103406858925527,0.12642898178381534,0.6101350485815462,5.976977877141712
403,0.04646076040711322,-0.2947224122709776,-0.7023128834038621,0.34118317267809084
404,2.399152424019975,0.3142752621477253,-0.1408812305478572,2.08487716187225
405,-3.788983596343512,1.0362177798960013,-0.3984145735768876,-2.825201376239513
406,-2.4004268808529288,1.8799903874357142,-0.21307653054717668,-4.280417268288643
407,0.9206488190372034,1.1527635465088173,0.035875062294647465,-0.23211472747161388
408,1.395366312220207,0.4296526469581067,1.5689823689225855,0.9657136652621002
409,-0.739683479303403,0.7992724714569661,-1.496953884901283,-0.5389559507603691
410,1.3844864749285555,-0.07572313556129473,1.018942569959121,3.46020961048985
411,0.26706291354872547,1.6161384310768696,-0.43341112758631173,-1.3490755175281441
412,2.4036136033735542,-0.2968465056881522,0.4859535885069443,2.7004601090617064
413,0.9725542179641216,1.0363939564066569,-1.3231018981829887,-0.06383973844253532
414,1.00521729973261,0.6527088440424529,-0.025643121525643187,0.3525084556901572
415,2.5276466981609116,-0.38983185571826595,0.3245276299106908,2.9174785538791776
416,1.3512997295233182,-0.1688350317551095,-0.3950956774161444,2.5201347612784275
417,-1.738360075005513,-0.5649038495086955,-0.2147404228180387,0.8265437745031825
418,3.304496683529692,0.8048878085097045,2.254609135837264,2.4996088750199874
419,-2.531048890251796,-0.4192206033740567,-1.3246307885921553,-2.1118282868777394
420,3.246205936159692,-0.5847606874128946,1.6301916922297774,3.8309666235725865
421,1.6262963535363797,-0.1324489189111493,0.5521441194824411,2.7587452724475288
422,1.2510363638335056,0.4277765463893201,1.0390224584060999,1.8232598174441854
423,0.36768477867724214,0.40210591854972344,-0.82427846549126,-0.0344211398724813
424,-0.9292709102721569,0.8244481447934116,0.9294189756334325,-1.7537190550655684
425,1.8271778014098246,0.6711416460850449,0.8470023489482773,2.1560361553247795
426,3.455307913992149,0.09989646681655526,0.9084507431664564,4.355411447175594
427,2.134486604432192,0.2646409861951032,0.5923809320475443,1.869845618237089
428,1.752676925783336,-0.07541746940532446,0.8334487838087179,3.8280943951886606
429,-2.1607825067096,-0.48329588960738507,-0.2630620824188165,-0.6774866171022147
430,1.0767936740637603,1.1554785805352012,0.16539977942123713,0.921315093528559
431,-0.14048961206271515,-0.613189840544649,-0.4384328922063194,0.4727002284819338
432,-0.5499189603522724,-0.2693225431754652,0.5306995251806764,0.7194035828231928
433,1.0131488316170458,-0.1757695765255669,1.9848979224323564,1.1889184081426127
434,1.7035767749247044,-0.40211899363619946,0.37973397547699284,3.1056957685609037
435,0.5572572686249093,0.45772532497218243,-0.48834499269453086,1.0995319436527269
436,1.9092819512805408,0.2557081399487546,0.6140570182341987,1.6535738113317862
437,1.7303993782632803,-0.29242898925122474,0.2680627254806855,3.022828367514505
438,-0.7081728493948088,-0.0712422867850675,-1.4508232815401478,-0.6369305626097413
439,-0.24986129875785498,-0.08942692068010649,-0.1817910880590323,-0.1604343780777485
440,1.484089936670978,1.0837892787611156,-0.8109928316706333,0.40030065790986247
441,-2.7127452563622367,0.6514241173222999,-2.7980056410345253,-3.3641693736845366
442,-0.5070880990256796,-0.3171715481957105,-0.7460975046299282,-0.18991655082996917
443,2.885805160777318,1.2210682751466682,1.9145720826915933,2.66473688563065
444,0.567474350152113,0.9186630057355615,-0.23367360396215076,1.6488113444165515
445,-0.265935173158679,0.0694572234548888,1.4223655339556915,0.6646076033864322
446,2.6588364978882555,-0.08842177009127339,2.601851568485631,2.7472582679795288
447,-1.825245199582961,-0.2917481320191513,-0.7670287834817794,-1.5334970675638098
448,2.007441878117554,0.29971541502612975,0.8328024081629659,3.707726463091424
449,1.8020984346870028,0.37943987404956964,0.619018446485127,1.4226585606374331
450,0.2959825787255197,-0.34447568636615605,-1.0389960408458148,1.6404582650916757
451,0.47222676479093073,0.5696627926203707,-0.5299709449322253,-0.09743602782943994
452,0.37505893110624977,-0.7495000544517016,0.5570714387908984,1.1245589855579514
453,1.2349330817891275,0.63001754288545,-1.6531239218174407,0.6049155389036776
454,-1.0226028575287418,-0.45371304124580814,-0.3255889828297152,0.43111018371706633
455,0.09131912717732926,-0.4181391011629083,-1.9436015391573653,1.5094582283402376
456,-0.5372163589023363,-0.36800414687869804,-0.09067142598049467,0.8307877879763617
457,1.3580886665759822,0.04379483056474687,-0.49554652250463144,1.3142938360112353
458,-4.586216256477624,-0.055253127379601086,0.42601197624883547,-2.5309631290980232
459,5.285390364378352,-0.2750381405629951,1.822351994128024,5.560428504941347
460,1.4918888361870555,-0.6087766214435781,0.10029768137865458,2.1006654576306336
461,1.2108712333514684,-0.06272925164404392,-0.31970239678542994,1.2736004849955123
462,2.463940496468921,-0.2033217693532583,1.0622112292507946,2.6672622658221794
463,3.46152927820001,0.29861066955853754,1.5770486189334947,4.162918608641473
464,3.486386916551375,-0.13564607904895043,0.5905027913132724,3.622032995600325
465,3.4822494624587295,-0.4263260782212076,1.6255696201104326,5.908575540679937
466,-0.4666537957866381,-0.3925732383581848,0.5221851713838159,-0.07408055742845332
467,3.6311470324123998,-0.4253674549291816,2.873948191465222,5.056514487341582
468,3.774341883837388,-0.23497326801979124,2.215911143525923,5.009315151857179
469,0.22708991572319503,-0.2537171302381451,0.4295061436846196,1.48080704596134
470,2.1736068028174778,0.2119061830939643,0.8619551249870638,3.9617006197235134
471,4.785558953975395,0.05189238722378198,0.09814581788817069,4.733666566751612
472,3.39355166156661,-0.7407188827089725,-0.5447865461385613,6.134270544275583
473,3.435838052608821,0.24904175499977166,1.1949559158930096,3.186796297609049
474,-0.048680162782539727,0.3969586929807756,-1.1291254484524,0.5543611442366847
475,2.3549305398780342,0.24610989771534408,1.192393451938631,3.1088206421626903
476,1.651715038629972,0.1352825098733753,-0.04494490016887707,1.5164325287565967
477,-1.084602802906567,-0.16683560010772314,-1.305983311324342,-0.9177672027988439
478,1.042263250618544,1.224788188960009,-0.5532301221350702,0.8174750616585349
479,1.655699701141423,-0.4589716701509285,-0.5501447942214618,2.1146713712923515
480,-0.5182928967447641,0.6267810809429757,-1.477518651317148,-0.14507397768773977
481,7.774545227907849,0.38157938170383754,2.080230345838457,8.392965846204012
482,0.51547554156249,-0.13987924811243513,0.12104574665002144,1.655354789674925
483,0.8998397885284988,-0.34247504051056665,1.7584280015160483,3.2423148290390653
484,0.026999544509357265,0.7720332064602351,-0.852085189031644,-0.7450336619508778
485,-1.1492262646888594,-0.21549462794711471,-1.4716072018252797,-0.9337316367417446
486,1.6052776341298982,-0.46334770590602653,-0.7357750666980596,2.0686253400359247
487,2.701226105070737,-0.3447357268373801,1.104825392602772,3.045961831908117
488,0.31377793121562586,0.34434395787914907,0.38860504575349636,-0.030566026663523205
489,-0.9431075069989108,-0.2138322345542888,-2.398964051978753,0.270724727555378
490,3.5591962583485324,-0.16208808445432626,-0.7632398641905235,4.721284342802858
491,-1.4093008834627327,-0.5129006703864338,-1.7759169422754713,0.10359978692370109
492,2.645115484328749,1.3567270405260634,1.007858197048531,2.2883884438026856
493,0.6153689337304387,-0.3813413889748385,-1.0704820860685522,1.9967103227052772
494,1.8100098811855563,1.3302496151744863,1.3721711608216838,0.47976026601107
495,0.743657816669268,1.6424100066594387,0.26333257200903665,0.1012478100098293
496,1.213366167617212,-0.37540824101537085,-1.271538609939473,2.5887744086325832
497,1.9217130083503637,-0.009072694155971839,0.331799485876002,1.9307857025063355
498,-5.19143271812921,0.9983807038437815,-0.7495324963590682,-4.189813421972992
499,3.3075376820128692,-0.07376335171491821,0.9113425154479762,3.3813010337277873
500,-0.9027132719298261,0.9431317907263637,-2.0959010248181347,-0.8458450626561898
501,0.673343290410925,-0.5234835882906536,0.2580383793756047,1.1968268787015786
502,3.744958483754325,1.324663781643046,2.332925943824378,3.420294702111279
503,-1.2473088507525318,-0.10079168174903652,-2.070948930634694,-1.1465171690034954
504,2.6078184344249866,0.010457469119554696,-1.5938045910443728,3.597360965305432
505,1.1241377248722393,0.78890516536902,-0.137848726837704,0.3352325595032193
506,0.24466503136540563,-0.48274014949821065,-0.6909240519988301,1.7274051808636164
507,1.4328049723828198,-0.24251735589301188,0.15071984999339705,1.6753223282758316
508,-0.2886422475290219,-0.05092622996591123,0.24877610319677068,1.7622839824368892
509,-0.10468712767942334,-0.5123302931869792,-0.5228527028338706,0.40764316550755586
510,1.1121451864673688,-0.1871410985070806,-0.1129437147149559,2.2992862849744493
511,2.2153185728801312,-0.38336630019828877,-0.07201862368177499,4.59868487307842
512,-1.4476122607633368,0.2659640205065784,-1.6479162640911071,-0.7135762812699152
513,1.307229278063272,-0.33643318379902876,-0.6247728454537579,2.643662461862301
514,1.7364053751390112,-0.2677597005228307,-1.025226505773295,3.0041650756618417
515,-4.451600356650607,-0.3722777248298781,-2.7851942531625604,-4.0793226318207285
516,-0.5774884379976088,-0.2177240251678353,0.3743261948034123,0.6402355871702264
517,-5.663331223241063,0.4100848147203187,-0.5566507101445403,-5.073416037961382
518,0.10183671660430405,0.2329974391697327,-0.5030885981899329,0.8688392774345712
519,3.305536921833074,0.6906470284176695,2.3849188298121353,2.6148898934154046
520,1.7379311662137655,0.4595502636455032,0.8152230921587014,1.2783809025682622
521,0.7422001277756066,-0.2617751402536428,-0.23183115982076896,2.003975268029249
522,1.5927312589095444,0.8745552424487896,0.5978740845609306,0.7181760164607548
523,0.15693041525718576,-0.28142279637080914,0.7149413386179226,0.4383532116279949
524,2.9030793644870694,-0.4266341965427911,1.4457318066568756,3.3297135610298607
525,0.9802784750541107,-0.4926471563304037,-0.95462853980626,1.4729256313845145
526,1.6133527285761364,-0.21834570259146058,1.1103341127151531,3.831698431167597
527,0.6639753076899172,-0.17112193506421447,-0.5684627997492823,0.8350972427541317
528,1.2650418895562363,0.945283718885123,0.6747656533742691,0.31975817067111334
529,0.2216853794746254,-0.12721348181259884,0.5380584083390803,0.34889886128722425
530,5.406039449317442,0.1631340765314584,1.3535216031775728,5.242905372785984
531,2.531715313300877,-0.6811514616974679,-0.37615921627693977,4.212866774998345
532,3.817601023877684,0.026530015250431305,0.7740324601340342,4.791071008627252
533,2.352365607848728,0.6521393977529244,1.4459282914317035,1.7002262100958037
534,2.1365042802666956,1.4899555001530935,1.5671437570860403,0.6465487801136021
535,0.7400735242890426,-0.46981178375885674,-0.48197945033899087,1.2098853080478993
536,2.273773216199054,-0.09399818944473093,0.9221561238057255,2.367771405643785
537,4.654040965589568,-0.7418040588573318,1.3330606496716269,5.395845024446899
538,-0.8167051601476834,0.6743742193123499,-1.8490692343407988,-1.4910793794600332
539,2.6287108488184536,-0.5648986534107362,1.3668322304220148,4.19360950222919
540,2.9261409721132243,0.6016888302545484,2.0027604217053865,2.324452141858676
541,0.8927480090236122,-0.2892002642413277,-2.064717629625404,1.1819482732649398
542,3.872742706659921,0.7664188058054486,0.6665239255650707,5.106323900854472
543,0.645919821198105,0.7794408003639414,-0.643467056149374,-0.13352097916583638
544,2.74049931182753,-0.16733212873182124,2.6023930947867875,4.907831440559351
545,1.3813156044815136,0.669465591909025,0.3777602928967517,0.7118500125724886
546,-0.5899039048846153,0.3036642720399808,-2.0988140272237006,-0.8935681769245961
547,3.1896941026134265,-0.23356918134438065,1.4195662691725457,4.423263283957807
548,1.7090472584123255,0.5195753137883459,0.4621534339582378,2.189471944623979
549,0.4475876886531434,1.2968122958568167,-0.35650791348966554,0.15077539279632668
550,1.1217501039600335,1.1573799689234514,0.2216610638429588,0.9643701350365821
551,1.756311526328354,-0.9040273069256022,0.7536592753923056,2.660338833253956
552,-0.9004860740706027,0.17834065035343694,-0.7530408565139513,-1.0788267244240397
553,0.39671577591837937,0.13457766489915413,0.028441722231941753,1.2621381110192251
554,-0.8167543003663565,1.532970935454351,0.574337582954609,-2.3497252358207077
555,2.389868192391889,-0.006867184528317805,2.1710703818750865,2.3967353769202067
556,-0.16258880853712498,0.4255742656751363,-1.2645360532204504,-0.5881630742122612
557,-0.500588234448896,-0.43222727573165987,-0.7293547504561715,0.9316390412827639
558,-1.92423415144508,1.163534722442763,-1.846136785821824,-3.087768873887843
559,1.2377950108880091,-0.23367912833195015,2.0509793428752463,1.4714741392199593
560,0.5280668351566548,-0.3965619314640043,0.8052135036464848,0.9246287666206591
561,1.6852904225500918,0.7788001760466979,0.40599067641421716,1.906490246503394
562,2.30688927131437,-0.2949940464059926,1.284901635208916,3.601883317720363
563,-2.3579541642337665,-0.372631775087549,0.5363740009938358,-1.9853223891462175
564,1.0174878595102643,-0.09458954464840774,-0.5641650641818156,2.112077404158672
565,0.5609986957537642,-0.6406150823863264,0.09793365458733462,1.2016137781400906
566,2.1660100271107874,0.7541776007020355,0.9693470627814385,2.411832426408752
567,3.0925769326845542,-0.2337124983705685,0.7703742118994713,5.326289431055123
568,-0.11929107125782668,0.03073868554734771,-0.4702347188175545,-0.15002975680517439
569,0.3656167387550009,0.09425312204582431,-0.6114635496156222,1.2713636167091766
570,-0.15488036731782806,0.14843267995212184,-1.670332434361733,-0.3033130472699499
571,2.0189570342775305,-0.1022867243947948,0.9462853657456698,3.121243758672325
572,2.043110080089584,-0.25989554468050213,0.03449392682747785,3.303005624770086
573,-2.7666848837730447,-0.3207819010348959,-2.97605159339773,-1.4459029827381489
574,-0.33235198823290546,-0.42127002289696225,-0.6255679752160024,0.08891803466405679
575,3.755511916239574,0.22421746318265673,-0.1168996951338251,3.5312944530569172
576,3.000429509178825,0.07433124642756739,1.6834049199209906,2.9260982627512577
577,0.7290348432817759,-0.16545552017662035,0.19246889707981363,1.8944903634583963
578,2.412785576661471,0.1341244913188251,-0.3624736700025062,3.278661085342646
579,5.3734360579722225,-0.1608212047022095,-0.6471745596790486,5.534257262674432
580,1.227964284329194,0.23794180451637803,-0.2627359608088795,0.990022479812816
581,2.8016222808692017,-0.21846438797736545,3.59703407332831,4.0200866688465675
582,-1.071133557386596,-0.28592834181577753,0.3206895105560994,0.21479478442918143
583,3.920818006894069,-0.4802306962499197,3.0783362213191556,5.401048703143989
584,2.889481462813092,1.466606594793818,2.507115107488074,1.4228748680192738
585,1.4848288448217706,-0.39340600949181515,-1.701041171753357,2.8782348543135856
586,-0.154855431869252,-0.22411317386960833,-0.5137115094026679,1.0692577420003564
587,0.31012457743298993,1.1723380160366914,-0.7974692366810865,0.13778656139629852
588,-0.08602981687693884,-0.26325764006427677,-0.20168850536284982,0.17722782318733793
589,2.2491974340450755,-0.003321250267771858,1.149546812911585,3.2525186843128475
590,0.4565795246308182,0.3971527480203124,-0.7778401419844467,0.05942677661050577
591,1.3358593681802993,-0.18929509687206347,0.7674598158823226,3.5251544650523625
592,0.7348412451391879,0.8375607475916691,-0.2034355869506287,0.8972804975475188
593,0.7271257168097272,-0.6212762848194534,-1.7050409317965922,1.3484020016291804
594,1.5981411430378922,0.8085117818120134,0.3830232377638946,0.7896293612258788
595,2.949510991076912,0.16297615165112328,1.722023384584241,3.786534839425789
596,-1.0318235277597196,-0.2794009826922532,0.37238512837029214,-0.7524225450674664
597,1.0782774571286389,0.852260436878541,-0.06706223600015135,0.22601702025009784
598,-0.7524450827055381,-0.5672690064311093,-0.8548061699326511,-0.18517607627442878
599,1.0180670239501137,1.015157325601382,-0.08794806814810374,0.002909698348731782
600,2.3473043939136247,-0.02114934807410518,1.6779870505592422,2.3684537419877296
601,4.095027762780394,-0.1780923798619315,0.5722891454198032,5.273120142642326
602,-1.3368408125525713,1.189305626375255,-1.3853611036977371,-1.5261464389278263
603,0.20806884323708896,0.15103632319171179,-0.7278154559367251,2.057032520045377
604,2.2187764341170872,-0.28430466093673423,1.5342224566229787,4.503081095053822
605,-1.4792412602480796,0.12122330124052305,-1.9036081803422324,-1.6004645614886026
606,0.7627512606070774,-0.5518817261923501,1.149507088959361,1.3146329867994275
607,1.0651606269738363,0.046144890889608825,0.250388457935688,3.0190157360842274
608,3.466530112210186,1.5617557192115683,1.9786983782470748,2.9047743929986183
609,-1.3047512104006822,-0.29747692239386103,-0.20522625141522968,-1.0072742880068213
610,-0.22351929207340304,-0.5163453235764168,-1.4947073148213688,2.292826031503014
611,-0.6420181115443329,-0.5437412825232758,-1.8621519902612818,0.901723170978943
612,0.002953663883360158,-0.13663604892554215,-0.7108080591825648,2.139589712808902
613,2.30033227132442,0.491863104290437,1.2913633640380358,1.8084691670339827
614,2.8882439126948802,-0.45510412001115663,0.7358165157387339,4.343348032706037
615,0.3538317394310737,-0.18387200936973902,1.124179211067597,0.5377037488008127
616,1.0017510203903208,-0.2822136591871499,0.9119208352620536,1.2839646795774708
617,4.044242193677014,-0.08640477855257778,0.6168011507629345,6.1306469722295915
618,1.0834358116749232,0.47414893101435224,0.19892629916987814,0.6092868806605709
619,1.2672770846701324,1.4302102032250148,1.476496664011902,1.8370668814451174
620,1.0799658784515755,1.3126435377850176,0.5223678900741026,0.7673223406665579
621,-0.04397748089755282,-0.6134995273082481,-0.6809680158611069,0.5695220464106953
622,1.7134706242310387,0.8692700965959987,0.4585328269721131,0.8442005276350399
623,2.0358382192915654,1.7473139256973562,-0.8497773881352357,0.28852429359420917
624,1.2332139593893872,1.815496182406895,0.9698011468777857,-0.5822822230175078
625,1.6466378109382307,0.31839395248141467,-0.596726777064968,3.328243858456816
626,7.4315342499414365,1.3255121393106066,3.723556243779705,6.10602211063083
627,-0.4737326540949995,-0.5737581160482553,0.27567213867078305,1.1000254619532557
628,0.17678000051531184,-0.4132581759789926,0.035532137542668374,1.5900381764943043
629,-0.776905195831515,-0.2903831413599375,-0.3036194883002778,0.5134779455284225
630,-3.794226436485151,-0.22878113832522695,-2.1041384100215192,-3.565445298159924
631,1.2043914245425362,-0.4846398466694496,0.05664858191502441,2.689031271211986
632,2.93571747343435,0.2632732528845149,1.9431497159479652,3.672444220549835
633,5.51643019486899,-0.2741272751165812,3.5613122566158113,5.790557469985571
634,-0.37275951526814743,0.05321551802227087,-0.8150121125576683,0.5740249667095817
635,4.028998055072746,1.0688887561408087,0.8619335234421267,3.960109298931937
636,-1.033684121055527,0.3159834468706416,-1.6960281911555182,0.6503324320738314
637,2.170334648582719,-0.16324107722234427,-0.3386900571480429,3.3335757258050633
638,-4.766291321933005,-0.3730711233592061,0.11206778868778065,-3.3932201985737995
639,5.007744329287112,0.14299721004881366,2.9245777742817407,5.864747119238299
640,0.8667328067525744,-0.18939566484282533,-1.4161991834503302,2.0561284715954
641,4.551052722272061,0.4149006501407274,3.5260147689720314,4.136152072131334
642,2.7932960137718372,-0.22535633441524439,-1.1186272078809432,3.0186523481870817
643,3.607090515268704,0.7021589689805798,1.4419331246091311,2.9049315462881244
644,1.174074842115895,0.029215591352270198,-0.6350209997339797,1.1448592507636248
645,4.084219228023084,0.711381634520878,2.2620864000031733,5.372837593502206
646,-0.42238675380510626,0.480582827486468,-1.4189309602293088,0.09703041870842571
647,0.0812457205665138,0.5312000234597264,-0.7836256204884444,0.5500456971067874
648,2.2418354573528276,-0.21906035157551418,0.7942868312415853,4.460895808928342
649,4.598577795616597,0.20324696275830384,1.7900943610151672,6.395330832858293
650,2.622735508218479,-0.00037906566102408057,0.22162721272941546,2.623114573879503
651,-0.9096646476750592,0.3805377716877319,-1.8020112572627915,-0.29020241936279106
652,-1.1207305994965815,0.8545730727856038,-1.8860608565731856,-1.9753036722821853
653,0.900852992044884,1.04010998677025,-0.003488749693455132,0.8607430052746341
654,1.4813449766724398,-0.17083428131233147,0.3362545466436211,1.6521792579847712
655,1.1426040561530728,0.857875455097043,-0.07514174271862285,0.2847286010560298
656,-0.25236733580201565,-0.07680388700080742,-0.6071540631683832,-0.17556344880120822
657,3.4040943328034725,-0.25991420229594075,0.8937907242573858,4.664008535099414
658,1.3968511223916549,-0.6292698035225344,-1.6399078126824436,2.0261209259141895
659,4.365227075213223,-0.6232600739785616,-0.677917024171247,4.988487149191785
660,-0.5161016260907564,-0.46604905485113357,-0.5525343782678364,0.9499474287603772
661,-0.6141312337436979,0.12294053324968068,-1.6567397390337755,-0.7370717669933786
662,0.9681333519830928,0.48814941962122577,-0.030805309275674955,2.479983932361867
663,2.934849562101481,1.279703899411036,1.7257926729790054,1.6551456626904453
664,3.3408443800674883,0.3622723843335185,2.1372889591864253,4.97857199573397
665,2.5998355641481457,0.6067740356538227,1.5170426363655367,3.993061528494323
666,1.4729550932873987,1.0522160446495243,0.21697721654233582,1.4207390486378746
667,-0.4937097224725534,-0.29730131519604763,-1.0842620601433437,0.8035915927234942
668,-1.7980292326640275,-0.2397875267679701,-1.7565648079954022,-1.5582417058960574
669,2.7641725098620302,1.3424096925098188,0.9162575739471721,2.4217628173522114
670,4.728886709348189,-0.6506914008907632,2.2506034487875572,6.379578110238953
671,1.1856063272055395,-0.8051124288089399,0.3705817206604685,1.9907187560144792
672,0.8399153450122162,-0.003440645738529313,-0.216589609050546,0.8433559907507455
673,-0.1575754989927325,0.20980336689399132,-0.03585574379905187,-0.3673788658867238
674,2.4522293124823724,-0.523205484843229,0.366081379463721,2.9754347973256015
675,2.011774351498743,0.12193345090642865,0.8862357783639013,1.8898409005923142
676,0.18445580195508793,-0.40182979695928134,0.14849939784163702,0.5862855989143693
677,0.624110835268729,0.4815852422472993,-0.3516324325009389,1.1425255930214298
678,1.9826044966876735,-0.26441498484168935,0.5003186217756174,4.247019481529363
679,2.179199827226669,0.015625452836770082,1.2027090986427675,2.163574374389899
680,-0.8961152603315784,-0.07738615898858825,0.3583801195662618,1.1812708986570097
681,2.158459007526571,-0.39337155366731946,0.2630706464635155,2.5518305611938903
682,0.6787408167577498,-0.29807918624053775,-0.2979954476833894,0.9768200029982875
683,2.8236337049467553,-0.4197837323791336,1.4268532927925321,4.243417437325888
684,-0.15237582828881957,0.8017580195036309,-1.1291035222607164,-0.9541338477924505
685,1.0709000453109712,-0.31843175306842914,-0.46555018996125924,1.3893317983794002
686,-3.564989604682272,-0.3219729429967436,0.37550821333351103,-3.2430166616855285
687,-1.2177937973351278,-0.2909995388763065,-2.3238596460021355,-0.9267942584588214
688,4.360307493242438,1.0590315029108779,2.209160768553012,4.301275990331559
689,1.7878624998423267,-0.4841337514321102,0.45393986560600075,3.271996251274437
690,1.8962344318966267,0.8782283724915295,1.2523917364005044,2.018006059405097
691,0.6381822668508986,0.08088419868294316,-0.7716432049642935,2.5572980681679556
692,2.264358507468431,0.6769762800761568,1.1746349219918522,2.587382227392274
693,1.1481830508620892,-0.08378243559735488,0.2984445862244526,1.231965486459444
694,1.0662408810961796,0.5874495664935157,0.08134375187816792,1.478791314602664
695,-0.820562423622782,0.2811851881650259,-0.2542811383916126,-1.101747611787808
696,0.8849595748205797,-0.4749142004680349,-0.32912804547370345,1.3598737752886145
697,1.3724988100365412,0.06331543980624088,-0.18502057088498206,2.3091833702303
698,0.09269994238261425,1.604377106137941,-1.7334447358641611,0.4883228362446732
699,-0.6648076258296476,0.3738502759955662,-1.8105649372213037,-0.03865790182521378
700,1.7549928293342156,1.157776747150556,0.9661244403130814,0.5972160821836596
701,-1.327119531513963,-0.027757006078825475,-2.9475570931242547,-0.2993625254351375
702,1.4354067549990877,0.3640267533352171,0.6035038129480716,2.0713800016638704
703,1.7778571028159629,-0.2616567779156884,-0.05075733678342427,2.0395138807316515
704,1.3860282098840313,-0.13828336818799236,0.43929992237165355,1.5243115780720236
705,2.8213644974965355,1.0645525712730604,1.4905535261863152,2.756811926223475
706,-0.20347802520802777,-0.16123823747831778,0.29497666526694916,-0.04223978772970999
707,1.190945282541632,1.6547450960714665,0.4538525797036843,-0.46379981352983446
708,-1.6681760971024937,-0.10794627485495689,-0.8086751415921327,0.4397701777524632
709,1.8441098151458404,-0.2073729952444987,0.29320266360137853,3.051482810390339
710,1.5027748770529756,0.15854617218374212,-0.3737484835405609,3.3442287048692334
711,0.32867000063568247,0.16763580576770065,-0.38908565258144917,1.1610341948679817
712,-3.6837228383486877,0.8355679688512401,0.1336630270223933,-4.519290807199928
713,3.419724097848185,-0.21968652842837988,0.1420430991059075,3.639410626276565
714,2.0972484879825393,-0.22742259962571743,0.3989981279787488,4.324671087608257
715,-0.24598246963290493,-0.6533254691180705,1.6293738640945359,0.4073429994851656
716,-1.2138150135140742,-0.25594193064372917,0.39118703875400973,-0.957873082870345
717,0.6193643095264514,1.1340049720081686,0.7917858762882046,0.48535933751828275
718,0.6324349014679835,1.1371552559899474,-0.5628613100093116,0.49527964547803616
719,-1.5757321976990857,0.6864065843365976,-2.7335444803939923,-2.2621387820356835
720,2.9841866295818167,-0.7533348704668806,-0.0016644889250448137,4.737521500048698
721,1.449774077883479,0.3085639007491945,0.43864345505647784,1.1412101771342844
722,2.0101456385854606,-0.24051098202271826,1.1144130828545569,3.250656620608179
723,2.797814139091093,1.385618899561925,1.9221903974758359,2.412195239529168
724,1.5593374447104373,0.05967762305010593,0.8308934217439736,1.4996598216603314
725,-0.24320674172794787,0.9236199845048392,0.29086692190670294,-1.1668267262327872
726,3.126119659357488,0.6274722937280998,2.1292344016397484,4.498647365629388
727,-0.10666781152302307,-0.10813309878987576,-1.0225017783889019,1.0014652872668526
728,2.504050772298153,-0.3044542530903578,1.816166104420942,3.8085050253885107
729,3.1259080478059214,-0.3610436998608612,0.8169473301544298,4.486951747666783
730,-1.1167653306868057,0.5537298621514717,-2.150536722029175,-0.6704951928382774
731,1.715054184023788,-0.17612084600666716,-0.8597476657044297,2.891175030030455
732,1.553643379451243,0.7224000402924106,0.6673548575008924,0.8312433391588324
733,7.755987383664957,0.7175005080558388,1.668605934890921,7.038486875609118
734,5.840118711842886,-0.050072877902876234,1.4602156626630334,6.890191589745762
735,2.4593036926001863,0.24830841013754862,1.4073093254347655,2.2109952824626378
736,2.1507908011520045,-0.6318839781673466,1.2078693181225109,3.7826747793193514
737,-5.496917574498153,0.8444571109734029,-1.2455065567607886,-5.341374685471556
738,1.153721736703219,-0.40184643805903697,-0.4523222996779401,2.5555681747622563
739,2.847704126629405,0.4433720839269865,1.680796995866757,3.4043320427024186
740,3.8738982199439618,-0.3009211090306848,2.727890156034793,5.174819328974647
741,0.24623775618302912,0.21062270157532098,-1.146996213959938,0.03561505460770814
742,0.6148374416131239,-0.6166325177057266,-0.1851803513640423,3.2314699593188507
743,0.02790814691972776,0.18851825170874947,-0.5736658991769836,-0.1606101047890217
744,0.11741188758648136,-0.4067970993122203,0.6820177730433306,1.5242089868987017
745,1.6580262633565037,-0.205814962789997,1.6020836244789072,1.8638412261465007
746,3.745074071398081,-0.10272145642453046,2.0318872185473973,3.8477955278226115
747,-2.1877980766648975,0.8395173836148628,0.6688778311387338,-2.0273154602797603
748,8.283982246017368,0.9672056206000599,2.297816624452642,8.316776625417308
749,0.1309007984866336,-0.2034458690016282,0.708530838016017,0.3343466674882618
750,0.8879503636779553,-0.09781484645996397,1.0461963393208629,1.9857652101379193
751,4.493820594931423,0.4184367489122806,0.990981866355374,5.075383846019142
752,2.1496014974868896,-0.06004444003715881,-1.3198883487106132,2.2096459375240483
753,2.1448963685482014,0.7921107780784703,1.1301406201847406,1.3527855904697312
754,2.4500613928979567,-0.3030252488758728,-0.14980254005872676,2.7530866417738293
755,3.2862222512335753,-0.5022944421622495,0.7156299462411752,3.7885166933958248
756,2.237851182409794,-0.07303729353845201,2.0619580099834875,3.310888475948246
757,1.4463802633817338,1.3457009635222263,0.4885002332661041,0.10067929985950741
758,1.1184634834207603,-0.02479618944437656,-0.6186848678613242,2.143259672865137
759,1.7839357878944848,-0.2863329506362885,1.7038010108525206,4.070268738530773
760,3.0328912387863767,0.13384610372230019,1.9920750325358978,4.8990451350640765
761,2.9252709279371345,1.2450691788963058,1.3507757411414487,1.6802017490408288
762,-1.0883732362136993,-0.21055464353169617,1.2757282363488012,0.12218140731799687
763,-0.806675664320993,-0.44903661628067765,-0.45010501827614025,-0.3576390480403154
764,1.2100395371318071,-0.3234317512961242,-0.38291381594379925,1.5334712884279313
765,1.2763187098533968,0.054488540450112366,1.4433070136747723,2.2218301694032845
766,2.089120806920718,0.3646402080834057,-1.5573451295229166,1.7244805988373124
767,1.303657953159439,-0.651328176203332,1.096221220650055,1.954986129362771
768,0.9476499877095073,1.014251415195991,-0.463091291366787,-0.06660142748648368
769,2.4086442227702825,-0.3444007715442392,0.9891668980547553,3.7530449943145214
770,0.5208277632338131,1.5181156910195976,0.31739355245935086,-0.9972879277857846
771,-4.8899605233411405,0.34097774571490513,0.1166855166239339,-5.230938269056046
772,-1.0580768717606182,-0.03953886713792265,-1.235972004215648,-1.0185380046226955
773,1.3803832461977104,0.3454158696123657,0.33108910719469264,1.0349673765853447
774,-0.42614072056370245,1.3030887007408825,-1.2466585297920576,-1.729229421304585
775,1.9550642111149141,1.1850382729735696,0.9906992674043089,0.7700259381413446
776,1.8628159732642338,0.003514544000119302,-0.04807592817251007,2.859301429264115
777,1.5479761758614816,-0.14791164362183107,0.7444336655645489,1.6958878194833127
778,0.7069970939598567,0.06802377257000003,-0.20471286302717595,2.6389733213898565
779,0.9125106259799289,-0.07364416208662528,-1.2650948680433456,0.9861547880665542
780,1.6113944245574878,-0.13560567959926273,0.5689295984490848,1.7470001041567507
781,3.817466837065038,1.5832262633826275,1.859593547936642,3.2342405736824107
782,3.508153906869792,0.1047088481414824,1.5439349596939067,3.4034450587283094
783,-0.9760651584427741,0.9861944469424934,-0.6769080493699956,0.03774039461473244
784,2.9645820162488796,-0.05599478798904378,0.46695717646530355,3.0205768042379235
785,0.5096061077248721,-0.1331702146104372,0.24647653932293173,1.6427763223353093
786,1.966809503478594,0.8630038766084995,1.098197108391368,1.1038056268700944
787,2.7315629665908725,1.083425199482614,0.5336279655458755,3.6481377671082584
788,1.223539494215578,-0.469551925320809,0.5934187711532128,2.693091419536387
789,2.785719007577885,-0.2086540493621109,1.8928739925780267,3.994373056939996
790,3.444398050718631,-0.011172271837411984,1.5212701154522712,3.455570322556043
791,3.6468550001876987,-0.04472794881263631,2.4891995524377926,3.691582949000335
792,4.4950745776937095,1.7908616935057984,0.8673989506465108,2.7042128841879114
793,1.5936335993260757,0.9229222410024239,0.41205667029436105,0.6707113583236518
794,0.9427974811158943,-0.06945528699287817,0.43639535955606384,2.0122527681087723
795,2.2551077403188753,0.08959499694917428,1.1178627918399733,3.165512743369701
796,1.50860338333901,0.7237283344719023,-1.228461786119132,1.784875048867108
797,1.0216224124157387,1.4866868926976062,-0.4906236481455515,-0.46506448028186753
798,4.759226545318843,0.47850924920793564,3.7317462527364222,6.2807172961109075
799,-1.657860735738018,-0.1979748760754686,-1.5945554549595158,-0.45988585966254936
800,1.6549299286655437,1.1672761139523962,0.8311779762284154,0.4876538147131475
801,3.41652273564378,0.3303135871937086,1.6621831080105602,3.0862091484500715
802,2.686057345329117,1.3396307411192772,1.406174909936356,3.34642660420984
803,-2.7904536598158534,-0.016129554627321574,0.8736798220587424,-2.7743241051885317
804,1.0541791455811889,0.38978397799566517,0.10170721955718436,0.6643951675855237
805,-0.3485325779023215,-0.5040654925752718,-0.38534924550859695,0.15553291467295027
806,2.906367723036839,0.849423069800054,2.0237758565608788,3.056944653236785
807,-0.7458009921293013,-0.3217508651183566,-1.6700193964822825,-0.4240501270109447
808,-0.1843906246421385,1.516944270748306,-0.5634849163627309,-1.7013348953904446
809,-3.7409261936350595,0.14696074934606757,0.3609348219825966,-2.887886942981127
810,0.7385586548278357,1.049645371832207,-0.3238137341302375,-0.3110867170043713
811,2.3282256646487323,-0.5769075126307343,1.7625392512454425,2.9051331772794664
812,-0.20674768251463815,0.1130343284732096,0.06972133828134952,-0.31978201098784775
813,0.30139828805338476,-0.4221633096710874,1.743576607812596,0.7235615977244721
814,1.8776938178742735,-0.09516913811284189,0.40106670960018453,2.9728629559871154
815,-0.0012656714464430383,1.3237927027559042,-0.034858703958732105,-0.3250583742023473
816,0.8007535225331748,1.0526325741577587,-1.1835843857656991,0.7481209483754161
817,1.1020093268063582,0.6744552102948358,0.016849465538538277,2.4275541165115224
818,0.6163744512652234,0.8994735369515086,-1.1075730680735743,0.7169009143137148
819,1.005867839305187,1.071483430476702,0.643782405281805,1.934384408828485
820,1.6189078593831223,0.6105532017549394,0.211318683672215,2.0083546576281828
821,2.114211128583745,-0.0793712444460839,0.8681728427419543,3.193582373029829
822,0.7758508790637972,-0.14391117527041497,-0.2530341068017469,1.9197620543342122
823,1.7991424079004086,-0.0073237270510938535,1.4463503844844485,3.8064661349515023
824,2.886221896193042,-0.38813362691510733,0.8405240863230818,4.27435552310815
825,1.8318576233622856,-0.19689774117595238,-0.7647397207651075,3.028755364538238
826,-0.33197559010713507,0.7964524658307621,-0.834181612642705,-1.1284280559378972
827,0.7275315689509291,-0.1374994572917142,0.10355627853561244,1.8650310262426433
828,0.8140978363039608,0.09041277800667569,0.08646664276463034,1.7236850582972851
829,1.049538393548506,-0.5759509376695169,1.0967728875913971,1.625489331218023
830,0.9461583778058413,1.3025006233504999,0.5116546893083032,-0.35634224554465854
831,2.828252522972188,-0.015809147738717944,1.6586581092367365,4.844061670710906
832,1.153726546128821,0.7910234649304884,0.4126787960697277,2.3627030811983327
833,-0.3669417022198491,-0.5018701465422943,-0.9122699330710646,2.134928444322445
834,0.829379082824198,1.050345506973941,0.14029142217511037,-0.22096642414974288
835,3.086974435547072,0.7928245566050801,2.0612882281178497,4.294149878941992
836,2.528728909981046,-0.30339478230951544,0.7972041746729557,4.832123692290562
837,2.6445002044159507,0.4606243344775959,1.7101228915920506,3.1838758699383547
838,1.9078573499334168,0.148468046437309,1.2195959162977672,2.759389303496108
839,2.2680825397658984,1.4282705844738457,0.6710490343433329,0.8398119552920527
840,6.022593343579768,1.675162524574307,1.7392282978165208,4.347430819005461
841,0.4498671028636174,-0.17311676440011825,-0.1192538590089339,1.6229838672637356
842,1.8255517806533796,0.4173597115557303,0.6254136630851294,1.4081920690976493
843,3.9364526772496053,1.0850443980264828,2.9201730336091445,2.8514082792231226
844,-0.0007370240866153566,-0.7731839671052798,-1.2785087472648589,0.7724469430186645
845,0.5941267010085236,-0.19837833763316026,0.08325356829696214,0.7925050386416839
846,1.8997327344349864,-0.31121436532441094,1.9059855863183484,3.210947099759397
847,1.6220997883484438,-0.7043463980950271,0.03059043581131023,2.326446186443471
848,1.1863641587627514,0.19506912951412447,1.3165113793762595,0.9912950292486269
849,-0.22068407290856795,0.45523346208726717,-1.2343003965623427,-0.6759175349958351
850,0.5281142313818776,-0.3685281936301993,-0.6801301868851528,1.896642425012077
851,1.0704533985228606,0.6623312898538345,0.09859905517641764,0.4081221086690261
852,0.8001023419011294,0.957174232202184,-0.1482777940302872,-0.15707189030105462
853,0.13109207625886332,-0.13003034003127395,-0.8260479795544727,1.2611224162901373
854,-1.6341768603795293,-0.27687864616113067,0.8775469347730522,-1.3572982142183987
855,-0.36847291690063577,-0.5312337007944754,1.0923255128688403,0.16276078389383963
856,2.2515853062619424,-0.25149897999692183,1.2023421875141134,4.503084286258864
857,-0.35660514262938164,-0.6350892127760805,-0.1718042773584067,0.2784840701466989
858,2.2218852466940366,-0.587365857380691,0.05683254487244806,3.8092511040747277
859,1.9084018963046006,-0.3756968190315264,0.5522770581875063,3.2840987153361274
860,1.9259406315824201,-0.720800271192152,-1.208000379318803,3.646740902774572
861,4.140133233873118,1.3555623478147478,2.4131565366264325,2.78457088605837
862,-2.9220159016896945,-0.10989063395356957,1.2375338839362466,-2.812125267736125
863,2.910892771004907,0.5038830197075161,0.8689409696282016,3.407009751297391
864,-2.408357098676629,0.464604017943354,-1.794191521517262,-1.872961116619983
865,1.3012531118615005,0.5666158596605552,0.2777087319879822,1.7346372522009452
866,2.158914729029817,-0.17401387938450397,1.5363106767939634,2.332928608414321
867,-2.3093914055270917,-0.16881741401043326,-1.647647179665668,-2.1405739915166584
868,1.9941501881834007,0.6634835875523633,1.087656929046342,1.3306666006310375
869,2.2548858600009303,0.4782786871318405,1.1575304399322528,2.77660717286909
870,1.2334425804828495,-0.0765173146416896,1.0555268940466789,1.309959895124539
871,2.766312269904215,-0.38635796819720786,0.8055112636806647,3.152670238101423
872,2.488860867327496,0.07479122339128685,1.3354650867945304,4.414069643936209
873,3.836360856263462,-0.30156189870645944,1.0799601589842183,4.137922754969921
874,2.582292488379225,-0.6563647895873432,2.2731710008088677,3.238657277966568
875,-5.398522446803622,0.632949864619356,0.8369554607674016,-6.031472311422978
876,0.26505182330500887,-0.3116650177807376,-0.032020956233895455,0.5767168410857464
877,0.5516523017262169,-0.4298160653154325,0.479813093172221,0.9814683670416494
878,0.49127549169586804,0.06219453875717024,-0.5474958295750519,0.4290809529386978
879,-0.33662652341498056,1.154829951888011,-1.360179051168375,-1.4914564753029915
880,5.294893098541376,-0.17086142375765145,1.8807211826579826,5.465754522299028
881,4.666183279480823,-0.3094512146372783,1.8996305273579477,6.9756344941181005
882,-1.5182147080128743,1.636884931827455,-0.9857717072718415,-3.155099639840329
883,3.031994823502223,-0.002015126568668646,0.7718694533798028,3.0340099500708915
884,6.792523178357577,-0.09628621487544176,2.9177849712356747,6.888809393233019
885,2.489084614513734,0.06568795830189933,0.7132254994609165,3.423396656211835
886,-1.7311538545006095,-0.5633668061842736,-0.869139245941658,-0.16778704831633595
887,-1.7734584699464033,-0.05117526843271114,-2.1777341681388975,0.2777167984863078
888,3.3803909150039932,-0.27768544223404457,1.4206119855008552,4.658076357238038
889,0.3531902155910438,0.4402582361006176,-0.7391966766750679,-0.0870680205095738
890,-2.7046545916069538,-0.2750563371988375,-0.6008183184236732,-2.4295982544081163
891,0.9344510997204462,1.1442733056965235,0.16498675968590004,-0.20982220597607737
892,4.028901960449542,-0.7215517690810229,1.3751873511995656,5.750453729530565
893,0.627873837283771,1.4453279990450079,-0.7729429803474636,-0.8174541617612369
894,-2.7424535586763525,-0.19352465285375298,0.6325878583916162,-0.5489289058225996
895,1.7645012823785562,-0.5198490025586147,1.586640495487303,2.2843502849371706
896,1.0848993875654829,-0.4344447185461372,0.5637732058704266,3.51934410611162
897,2.6327651997200583,-0.34988048250697107,-0.2573664628186137,3.9826456822270293
898,5.638035467881291,0.3643643372643536,-1.3676655655346965,5.273671130616938
899,0.34198418580462053,-0.10854926934461251,0.904886755713847,0.45053345514923304
900,3.1988854578148525,1.0726376150939694,1.9004532255747888,3.126247842720883
901,0.2150635165525186,-0.28742863952716335,0.305620950625567,0.502492156079682
902,3.8764967080571973,0.17332715801964205,2.1334654945818365,3.703169550037555
903,2.122677711552565,0.23397277551636259,1.0228911498100761,3.888704936036202
904,1.9050020067896187,-0.3340731680680107,1.1887441965972305,2.2390751748576294
905,1.7767822471323982,-0.42684813671364497,0.19721055351272537,3.203630383846043
906,-1.8679840486794073,0.37526124976237846,0.27882380551253205,-1.2432452984417857
907,0.7847400003765079,-0.5685068439871186,-0.61728865835293,1.3532468443636265
908,0.651927174183662,-0.016633945768477265,-0.05848983376623,1.668561119952139
909,1.8401123060513678,1.0488063996309367,0.5759406995290411,0.7913059064204311
910,-2.3134019889492317,0.014870736937022344,-1.0335419274973179,-2.328272725886254
911,2.6420631553356166,1.2645230628345756,1.7327890666100103,1.377540092501041
912,0.42982384926447603,-0.6482524181823851,0.33731012395945525,1.0780762674468611
913,2.5717651221835505,-0.12133502548566732,1.2156793185780383,2.6931001476692176
914,0.19801366159048506,0.5778029724568614,-0.8836424418234108,-0.37978931086637635
915,-0.3959655251322269,-0.547197924600264,0.25459061610061157,1.1512323994680371
916,3.0997435805533833,-0.2826052074132197,0.13302602855946646,3.382348787966603
917,3.736628469583707,-0.3471745542917961,2.0686004573933645,6.083803023875503
918,-0.9559181509244632,1.310602510636183,-2.1811260281622062,-1.2665206615606461
919,0.1047713766875702,0.841011542781767,-1.0717811326636515,-0.7362401660941968
920,1.776623467631404,0.024387928732671926,1.1698777427874711,1.752235538898732
921,0.5573812237512521,0.0759250444573395,0.5208087717284234,0.4814561792939126
922,1.6159035523253782,-0.47201103632420527,0.8249775008592745,4.087914588649584
923,0.8732861007495287,-0.08950775882172002,-1.6111076863304248,1.9627938595712489
924,0.07292578113434356,0.4375766117053559,-1.3097826836879372,1.6353491694289877
925,1.1689602835147483,0.002003762421562527,-0.3247385124796768,2.166956521093186
926,0.4790002539132064,0.9555550703941149,-0.3715985029384174,0.5234451835190914
927,-2.1181308934877334,-0.26064122220177455,-1.6529982398212908,0.14251032871404112
928,1.1044573926669408,-0.2393227031420132,0.24259110858546795,2.343780095808954
929,2.7092713248618527,1.2306575727707205,1.6383621554626724,1.4786137520911322
930,2.067358800609634,-0.2501744014647308,2.412146659906493,4.317533202074365
931,1.8626285288809097,-0.31281904479068723,2.7449152589932666,2.175447573671597
932,3.312712886827464,0.8171761390316787,2.630274789867764,2.495536747795785
933,2.1818261667157355,-0.35741607974669976,0.9804482990836874,4.539242246462435
934,2.5972710228078943,-0.20170835032232082,1.8084561609672785,2.7989793731302153
935,4.410860583091093,-0.12370404102969723,1.0772015484800561,5.53456462412079
936,1.4883938211247643,1.7419791091932195,-0.35969340704743274,1.7464147119315445
937,2.1638957273130535,0.22018617240177152,0.8921948563891919,2.943709554911282
938,1.5179057915502578,-0.24879013984284526,2.3607869480175236,2.7666959313931034
939,0.5762707152327039,0.12289602718809411,0.033747737644144175,1.4533746880446097
940,-0.7375036132258523,0.8278620483896457,-1.7384709621332497,-1.565365661615498
941,1.9344647295111297,-0.19150143690227417,1.2963831222548705,2.125966166413404
942,4.286052081531485,-0.26242452932443106,2.0365663303484647,4.548476610855916
943,3.4147036302491647,-0.3358229548322378,1.7719670036646133,3.7505265850814027
944,-0.3329561382221251,-0.11606555502298121,-2.3068068236103474,-0.2168905831991439
945,-0.7978187326961681,1.5667349030897872,-2.118364493893656,-0.36455363578595534
946,3.453725849718705,-0.644929571427727,0.11866400223599245,5.098655421146431
947,-0.16364333499428904,-0.3256408459247062,-0.15418736636552097,1.161997510930417
948,1.7843626025335713,1.314784227548433,0.6474654739299261,1.4695783749851383
949,1.5461367717899908,-0.13871344786598316,1.3531448167174587,1.6848502196559738
950,-3.6974186753428837,0.05687270742487127,-4.159296294773248,-3.754291382767755
951,0.7238381754929506,1.3125532567757914,0.16225774625423678,0.4112849187171592
952,3.9557977855422988,-0.5341153973148351,1.6218708507917499,4.4899131828571335
953,1.9340474727430021,1.473249239944836,1.3710650791689691,1.4607982327981661
954,1.2141580643483612,1.104871479724461,-0.05576526690068317,2.1092865846239004
955,3.0781172220019997,0.3843273642112424,-0.4522767821254741,3.6937898577907573
956,1.7169922415657746,0.7525360678875181,-0.0040109712454835834,0.9644561736782564
957,-1.95772819412973,1.1327229289759055,-0.6180144974341233,-2.0904511231056357
958,0.2485588760078402,0.12982890872510183,-0.82320804452324,0.11872996728273838
959,1.3795556131053008,0.29428960988781616,1.0168573794750073,1.0852660032174848
960,2.441892047732395,-0.1439220308505813,1.2769163215964618,2.5858140785829766
961,-3.0518772454001857,-0.11833587784335953,-0.999673352030259,-2.9335413675568263
962,1.7950444204842333,-0.13473006326154235,0.3427562001952958,1.9297744837457755
963,3.897211143355324,-0.45072246750170347,1.9556592524033918,4.3479336108570275
964,5.534992541612897,-0.5096457963423808,1.5157240397472114,7.044638337955277
965,1.5533150408268812,0.2625366743336267,-0.5119937033595343,1.2907783664932544
966,-2.7111231970933503,0.4440173181746116,-1.6952316881417404,-1.155140515267962
967,2.229765700132505,-0.9057323583188652,-1.0806029205818426,3.13549805845137
968,1.1399370419901633,0.6352245444601503,0.1980644148428634,0.504712497530013
969,-1.5221607193686495,-0.39856624745652613,-1.901086146703752,0.8764055280878766
970,3.0796012061368714,0.36042453804954033,2.0767981036526493,2.7191766680873313
971,1.0866954315144814,-0.22400505505621182,0.02828788826943228,2.3107004865706937
972,0.1018098826954511,1.1247057459360963,-0.7654005500462251,-1.0228958632406453
973,-0.15653314751918745,-0.6053180560273772,0.28703022770954123,1.4487849085081899
974,-1.2969735974488241,-0.23744112152536478,0.18509246484459974,-1.0595324759234592
975,1.04965758877725,-0.1003665506223076,0.08065338092534631,2.1500241393995574
976,3.67072143784688,1.2874854966919793,2.9246461146289624,3.3832359411549007
977,1.3594919275827273,0.09196916005488498,0.3189290454747403,1.2675227675278422
978,1.062525112335914,1.3371846749320981,-0.10849151054332544,0.7253404374038157
979,3.1547383664847892,-0.34519730235458446,0.6785706499358928,4.499935668839374
980,0.20476997696728227,0.5791085490388418,-0.8206699535250676,1.6256614279284407
981,0.6248397573889404,-0.28335588338212214,1.0493334480793874,2.908195640771063
982,1.6481556894398435,-0.30395690375346013,1.1646932280469924,1.9521125931933037
983,1.2275785141301183,-0.039635335249359915,-0.6399063296882507,3.2672138493794782
984,-3.7892676616643333,-0.14585050797579335,-2.06535353704467,-2.64341715368854
985,1.0429877097402407,-0.29172546193626125,0.8174900755923648,1.334713171676502
986,0.4570555906846788,1.5157759261269814,0.2689276509716907,-1.0587203354423025
987,1.506590536731822,0.50621247327221,0.562465497301603,1.000378063459612
988,0.09063644651357938,-0.43477084776385955,0.5639709979974381,0.5254072942774389
989,0.7020139226524509,-0.24107271437990263,-1.6453987497704898,1.9430866370323536
990,-1.016710088842471,1.2786585332229645,-1.179299095911991,-2.2953686220654355
991,1.0810999291717227,-0.18332736478699097,0.5421483335181863,1.2644272939587138
992,2.5153964778370272,-0.6912797370395273,-0.9238412056275775,4.206676214876555
993,-0.005340885232380854,-0.3873697564037826,-1.4083178584590268,1.3820288711714017
994,1.8873016422182958,-0.06845721498664492,0.5042391352842337,1.9557588572049407
995,2.5766251604708224,-0.37382600619759976,0.5359446604463359,2.9504511666684223
996,-0.7084157812826768,1.3815476697343083,-0.16170371712779114,-2.089963451016985
997,1.1988596456724685,0.5043116965137537,-0.09495533937566726,1.6945479491587148
998,2.056501709794129,0.5541508309241696,1.0344639131344573,3.5023508788699598
999,-1.9695763524952392,-0.6853676445781183,1.403403092782237,-1.284208707917121
